{
  "Fidelity_mean": 0.9998969662300858,
  "Fidelity_sdev": 0.00007833956530831063,
  "KL_mean": 0.00020592611749066853,
  "KL_sdev": 0.00015653767182782267,
  "SR_mean": 0.200381,
  "SR_sdev": 0.09137427224881192,
  "Depth_mean": 25.6,
  "Depth_sdev": 2.1999999999999997,
  "all_results": {
    "n": [
      3,
      3,
      3,
      3,
      3,
      3,
      3,
      3,
      3,
      3
    ],
    "d": [
      8,
      8,
      8,
      8,
      8,
      8,
      8,
      8,
      8,
      8
    ],
    "num_cliques": [
      1,
      1,
      1,
      1,
      1,
      1,
      1,
      1,
      1,
      1
    ],
    "max_clique": [
      3,
      3,
      3,
      3,
      3,
      3,
      3,
      3,
      3,
      3
    ],
    "fidelity": [
      0.999835107064896,
      0.9997491199115586,
      0.9999612707985491,
      0.999986613079478,
      0.9999520678300371,
      0.9997720528903413,
      0.9999525748711662,
      0.9999103817870463,
      0.9999238503138083,
      0.9999266237539783
    ],
    "KL": [
      0.0003319831754328654,
      0.0004964236422367921,
      0.00007729357337252316,
      0.00002682495765791545,
      0.00009564779024952481,
      0.000459700845058567,
      0.00009522891593890604,
      0.0001787767234518599,
      0.00015269239327374848,
      0.0001446891582339827
    ],
    "success_rate": [
      0.09858,
      0.08577,
      0.26043,
      0.22268,
      0.2344,
      0.1545,
      0.40638,
      0.23576,
      0.19948,
      0.10583
    ],
    "gates": [
      36,
      39,
      36,
      42,
      37,
      36,
      39,
      40,
      42,
      39
    ],
    "depth": [
      23,
      26,
      23,
      29,
      24,
      23,
      26,
      27,
      29,
      26
    ],
    "shots": [
      100000,
      100000,
      100000,
      100000,
      100000,
      100000,
      100000,
      100000,
      100000,
      100000
    ],
    "transpile_time": [
      0.08843827247619629,
      0.09574413299560547,
      0.08815860748291016,
      0.11080241203308105,
      0.09621953964233398,
      0.09345865249633789,
      0.09776830673217773,
      0.09836721420288086,
      0.10429239273071289,
      0.09951305389404297
    ],
    "prepare_time": [
      0.771052360534668,
      0.617215633392334,
      0.5420677661895752,
      0.6445012092590332,
      0.608513355255127,
      0.6174640655517578,
      0.6890869140625,
      0.5533087253570557,
      0.5689437389373779,
      0.6961226463317871
    ],
    "exec_time": [
      0.21759533882141113,
      0.21733736991882324,
      0.21598052978515625,
      0.20979905128479004,
      0.21424317359924316,
      0.21358823776245117,
      0.21462607383728027,
      0.22162103652954102,
      0.21552062034606934,
      0.2127077579498291
    ],
    "theta": [
      [
        -4.956230108249294,
        -3.5065709047645877,
        -4.717986044910651,
        -2.5870480778044307,
        -3.5910657480541692,
        -1.0294242577881012,
        -3.5412539598498496,
        -1.3269422771208434
      ],
      [
        -2.11557695014387,
        -4.0757226502415875,
        -4.358633754820794,
        -1.2956413326569352,
        -3.685691014701037,
        -1.7629905174357057,
        -3.1887637090128496,
        -3.2983090655426066
      ],
      [
        -0.6796421866606561,
        -1.7038757552264734,
        -3.781623280312254,
        -4.600592588662514,
        -2.0926851438289527,
        -0.07689873222505561,
        -1.2067943564103776,
        -4.2600480780356555
      ],
      [
        -4.285200899761931,
        -4.566464540346415,
        -0.23654690920226606,
        -1.57611613046637,
        -0.38229773813518886,
        -3.944961044120098,
        -3.1846468586170054,
        -3.76290402938601
      ],
      [
        -2.4417594834850673,
        -0.2256404848303868,
        -1.1979953371639716,
        -1.9971344875580543,
        -2.4838718453849213,
        -4.646581514464216,
        -0.9681768582248091,
        -2.5452434118239227
      ],
      [
        -4.518137955424632,
        -2.636883995647258,
        -2.0314373696418193,
        -1.110899361851184,
        -2.9366743260895145,
        -0.7960796165517285,
        -1.837320996230388,
        -3.6941230382038306
      ],
      [
        -0.7435944593147417,
        -2.297500485995862,
        -0.54329003308737,
        -0.19907524450567227,
        -1.7556869985628523,
        -2.339980767090348,
        -1.6517592837646662,
        -0.2167189761083712
      ],
      [
        -2.5202983198346307,
        -1.2346820881709015,
        -0.9667127036414733,
        -2.1810631260848026,
        -0.5512573242474748,
        -1.6821075059356065,
        -3.5047280608910834,
        -1.4549819885947164
      ],
      [
        -3.6598969618663983,
        -0.4869052317566753,
        -1.9174888126875564,
        -1.662865469507834,
        -0.9028643529690896,
        -2.943726650054045,
        -2.7063275957874073,
        -2.4541303006095787
      ],
      [
        -1.5793213607159857,
        -0.9191691118661769,
        -2.8887551443522326,
        -2.5978508543778687,
        -3.9190241731513074,
        -4.048365903545674,
        -2.7375583996822304,
        -4.868985200274877
      ]
    ],
    "counts": [
      {
        "1000": 12410,
        "1001": 12119,
        "1010": 12331,
        "1011": 11754,
        "1100": 12102,
        "1101": 8094,
        "1110": 12169,
        "1111": 9163,
        "0010": 108,
        "0110": 346,
        "0100": 357,
        "0001": 396,
        "0000": 73,
        "0011": 945,
        "0111": 3285,
        "0101": 4348
      },
      {
        "1000": 11017,
        "1001": 12115,
        "1010": 12416,
        "1011": 9096,
        "1100": 12212,
        "1101": 10407,
        "1110": 11983,
        "1111": 12177,
        "0001": 223,
        "0010": 152,
        "0100": 347,
        "0110": 489,
        "0101": 2113,
        "0111": 433,
        "0000": 1508,
        "0011": 3312
      },
      {
        "1000": 6226,
        "1001": 10156,
        "1010": 12209,
        "1011": 12272,
        "1100": 10996,
        "1101": 944,
        "1110": 8794,
        "1111": 12360,
        "0001": 2218,
        "0111": 190,
        "0011": 121,
        "0000": 6299,
        "0010": 283,
        "0101": 11570,
        "0100": 1568,
        "0110": 3794
      },
      {
        "1000": 12363,
        "1001": 12311,
        "1010": 2666,
        "1011": 10118,
        "1100": 4031,
        "1101": 12354,
        "1110": 11746,
        "1111": 12143,
        "0001": 124,
        "0101": 235,
        "0100": 8539,
        "0110": 521,
        "0010": 9788,
        "0000": 174,
        "0111": 285,
        "0011": 2602
      },
      {
        "1000": 11316,
        "1001": 2498,
        "1010": 8872,
        "1011": 11041,
        "1100": 11342,
        "1101": 12191,
        "1110": 7764,
        "1111": 11536,
        "0010": 3761,
        "0011": 1676,
        "0000": 1088,
        "0111": 953,
        "0101": 127,
        "0001": 9926,
        "0110": 4827,
        "0100": 1082
      },
      {
        "1000": 12437,
        "1001": 11764,
        "1010": 10876,
        "1011": 8397,
        "1100": 11795,
        "1101": 6792,
        "1110": 10337,
        "1111": 12152,
        "0010": 1643,
        "0000": 112,
        "0111": 303,
        "0011": 4190,
        "0001": 953,
        "0100": 709,
        "0110": 1983,
        "0101": 5557
      },
      {
        "1000": 6464,
        "1001": 11360,
        "1010": 5203,
        "1011": 2191,
        "1100": 10424,
        "1101": 11244,
        "1110": 10039,
        "1111": 2437,
        "0001": 1294,
        "0100": 2210,
        "0110": 2296,
        "0101": 1185,
        "0010": 7340,
        "0011": 10295,
        "0000": 5949,
        "0111": 10069
      },
      {
        "1000": 11504,
        "1001": 9048,
        "1010": 7743,
        "1011": 10930,
        "1100": 5366,