{
  "Fidelity_mean": 0.9999512844031653,
  "Fidelity_sdev": 0.00009307729260943052,
  "KL_mean": 0.00009755281267811324,
  "KL_sdev": 0.00018633790251026546,
  "SR_mean": 0.15488200000000002,
  "SR_sdev": 0.11495459762880299,
  "Depth_mean": 8,
  "Depth_sdev": 0,
  "all_results": {
    "n": [
      1,
      1,
      1,
      1,
      1,
      1,
      1,
      1,
      1,
      1
    ],
    "d": [
      2,
      2,
      2,
      2,
      2,
      2,
      2,
      2,
      2,
      2
    ],
    "num_cliques": [
      1,
      1,
      1,
      1,
      1,
      1,
      1,
      1,
      1,
      1
    ],
    "max_clique": [
      1,
      1,
      1,
      1,
      1,
      1,
      1,
      1,
      1,
      1
    ],
    "fidelity": [
      0.9999648984933304,
      0.9999688151751402,
      0.9999984269976978,
      0.999995526076485,
      0.9999585864222572,
      0.9996750688606417,
      0.9999867572798156,
      0.9999758336447713,
      0.9999910857658098,
      0.999997845315705
    ],
    "KL": [
      0.00007042609994543144,
      0.00006206214756542114,
      0.0000031454376446919414,
      0.000008923583592777493,
      0.00008324194024278767,
      0.0006505025060388539,
      0.000026500123849858368,
      0.00004859792430050684,
      0.000017809694044823056,
      0.0000043186695559806546
    ],
    "success_rate": [
      0.01839,
      0.14682,
      0.23562,
      0.18909,
      0.06868,
      0.03871,
      0.02053,
      0.32992,
      0.345,
      0.15606
    ],
    "gates": [
      13,
      12,
      12,
      12,
      12,
      13,
      13,
      13,
      13,
      13
    ],
    "depth": [
      8,
      8,
      8,
      8,
      8,
      8,
      8,
      8,
      8,
      8
    ],
    "shots": [
      100000,
      100000,
      100000,
      100000,
      100000,
      100000,
      100000,
      100000,
      100000,
      100000
    ],
    "transpile_time": [
      0.04198026657104492,
      0.039656639099121094,
      0.037717580795288086,
      0.037534236907958984,
      0.03671884536743164,
      0.04157710075378418,
      0.04187464714050293,
      0.04167652130126953,
      0.04228544235229492,
      0.04222822189331055
    ],
    "prepare_time": [
      0.27547788619995117,
      0.09554123878479004,
      0.060315847396850586,
      0.0638129711151123,
      0.06312966346740723,
      0.06262850761413574,
      0.06201887130737305,
      0.0629122257232666,
      0.06214332580566406,
      0.06357264518737793
    ],
    "exec_time": [
      0.16399669647216797,
      0.1626453399658203,
      0.14901041984558105,
      0.15018033981323242,
      0.14730477333068848,
      0.14310193061828613,
      0.14441180229187012,
      0.1494889259338379,
      0.14622998237609863,
      0.1452467441558838
    ],
    "theta": [
      [
        -4.956230108249294,
        -3.5065709047645877
      ],
      [
        -3.5412539598498496,
        -1.3269422771208434
      ],
      [
        -1.6881614805044727,
        -1.2565102842787632
      ],
      [
        -1.038278551242502,
        -3.869392501034459
      ],
      [
        -2.11557695014387,
        -4.0757226502415875
      ],
      [
        -3.1887637090128496,
        -3.2983090655426066
      ],
      [
        -3.6936173195401585,
        -4.135576002326049
      ],
      [
        -3.035881505378031,
        -0.489040683371873
      ],
      [
        -0.6796421866606561,
        -1.7038757552264734
      ],
      [
        -1.2067943564103776,
        -4.2600480780356555
      ]
    ],
    "counts": [
      {
        "10": 49670,
        "11": 48491,
        "00": 341,
        "01": 1498
      },
      {
        "10": 48704,
        "11": 36614,
        "01": 13187,
        "00": 1495
      },
      {
        "10": 40512,
        "11": 35926,
        "01": 14256,
        "00": 9306
      },
      {
        "10": 32231,
        "11": 48860,
        "01": 1071,
        "00": 17838
      },
      {
        "10": 43699,
        "11": 49433,
        "01": 819,
        "00": 6049
      },
      {
        "10": 47886,
        "11": 48243,
        "01": 1760,
        "00": 2111
      },
      {
        "10": 48808,
        "11": 49139,
        "01": 796,
        "00": 1257
      },
      {
        "10": 47696,
        "11": 19312,
        "01": 30679,
        "00": 2313
      },
      {
        "10": 24516,
        "11": 40984,
        "01": 9206,
        "00": 25294
      },
      {
        "10": 35064,
        "11": 49330,
        "01": 694,
        "00": 14912
      }
    ]
  },
  "inputs": {
    "graphs": [
      [
        [
          0
        ]
      ],
      [
        [
          0
        ]
      ],
      [
        [
          0
        ]
      ],
      [
        [
          0
        ]
      ],
      [
        [
          0
        ]
      ],
      [
        [
          0
        ]
      ],
      [
        [
          0
        ]
      ],
      [
        [
          0
        ]
      ],
      [
        [
          0
        ]
      ],
      [
        [
          0
        ]
      ]
    ],
    "thetas": [
      [
        -4.956230108249294,
        -3.5065709047645877
      ],
      [
        -3.5412539598498496,
        -1.3269422771208434
      ],
      [
        -1.6881614805044727,
        -1.2565102842787632
      ],
      [
        -1.038278551242502,
        -3.869392501034459
      ],
      [
        -2.11557695014387,
        -4.0757226502415875
      ],
      [
        -3.1887637090128496,
        -3.2983090655426066
      ],
      [
        -3.6936173195401585,
        -4.135576002326049
      ],
      [
        -3.035881505378031,
        -0.489040683371873
      ],
      [
        -0.6796421866606561,
        -1.7038757552264734
      ],
      [
        -1.2067943564103776,
        -4.2600480780356555
      ]
    ],
    "gammas": null,
    "betas": null,
    "mu": null,
    "data": [],
    "repetitions": 1,
    "iterations": 100,
    "shots": 100000,
    "adam": false,
    "measurement_error_mitigation": 0,
    "optimization_level": 3,
    "layout": null
  }
}