{
  "Fidelity_mean": 0.999928956887769,
  "Fidelity_sdev": 0.00008575638531527239,
  "KL_mean": 0.00014206137252108862,
  "KL_sdev": 0.00017268840159646276,
  "SR_mean": 0.18996399999999997,
  "SR_sdev": 0.13306165083900018,
  "Depth_mean": 15.6,
  "Depth_sdev": 0.4898979485566356,
  "all_results": {
    "n": [
      2,
      2,
      2,
      2,
      2,
      2,
      2,
      2,
      2,
      2
    ],
    "d": [
      4,
      4,
      4,
      4,
      4,
      4,
      4,
      4,
      4,
      4
    ],
    "num_cliques": [
      1,
      1,
      1,
      1,
      1,
      1,
      1,
      1,
      1,
      1
    ],
    "max_clique": [
      2,
      2,
      2,
      2,
      2,
      2,
      2,
      2,
      2,
      2
    ],
    "fidelity": [
      0.9999138979206779,
      0.9999924824783001,
      0.9999241026607268,
      0.999996004218248,
      0.9999928164365103,
      0.9998535634682781,
      0.9999232655644928,
      0.9999896627235515,
      0.9997115282888684,
      0.999992245118035
    ],
    "KL": [
      0.00017120051798973334,
      0.000015064116643999327,
      0.0001501116714286827,
      0.000008004764527709464,
      0.00001442715326583022,
      0.0002910130885050389,
      0.00015231726426864984,
      0.00002060738848400469,
      0.000582348891817434,
      0.000015518868279803697
    ],
    "success_rate": [
      0.14924,
      0.25567,
      0.05831,
      0.32991,
      0.0872,
      0.13827,
      0.13005,
      0.49619,
      0.0387,
      0.2161
    ],
    "gates": [
      25,
      25,
      25,
      25,
      24,
      24,
      24,
      25,
      25,
      24
    ],
    "depth": [
      16,
      16,
      16,
      16,
      15,
      15,
      15,
      16,
      16,
      15
    ],
    "shots": [
      100000,
      100000,
      100000,
      100000,
      100000,
      100000,
      100000,
      100000,
      100000,
      100000
    ],
    "transpile_time": [
      0.09654784202575684,
      0.09307169914245605,
      0.09588265419006348,
      0.0959787368774414,
      0.09137654304504395,
      0.09364128112792969,
      0.0939185619354248,
      0.09655594825744629,
      0.09823012351989746,
      0.09331464767456055
    ],
    "prepare_time": [
      0.39627909660339355,
      0.19234442710876465,
      0.1791229248046875,
      0.22420883178710938,
      0.17958617210388184,
      0.1800684928894043,
      0.18061017990112305,
      0.18154168128967285,
      0.18201184272766113,
      0.17840313911437988
    ],
    "exec_time": [
      0.18859314918518066,
      0.20260262489318848,
      0.20154857635498047,
      0.18548965454101562,
      0.183424711227417,
      0.18732166290283203,
      0.18220782279968262,
      0.18600130081176758,
      0.18526053428649902,
      0.18234658241271973
    ],
    "theta": [
      [
        -3.4533280530660075,
        -1.5163170024641883,
        -1.0499535678405496,
        -4.575796110192592
      ],
      [
        -4.285200899761931,
        -4.566464540346415,
        -0.23654690920226606,
        -1.57611613046637
      ],
      [
        -4.706361038687703,
        -4.430200905896622,
        -2.038103695418284,
        -2.4807561113357384
      ],
      [
        -2.4417594834850673,
        -0.2256404848303868,
        -1.1979953371639716,
        -1.9971344875580543
      ],
      [
        -4.264307056005526,
        -1.919989326462797,
        -2.1631834356834276,
        -2.5952927441294023
      ],
      [
        -4.518137955424632,
        -2.636883995647258,
        -2.0314373696418193,
        -1.110899361851184
      ],
      [
        -2.6289751879020558,
        -4.675747616571391,
        -0.9039371751361385,
        -3.5905000172525328
      ],
      [
        -0.7435944593147417,
        -2.297500485995862,
        -0.54329003308737,
        -0.19907524450567227
      ],
      [
        -2.91841138356703,
        -3.9812216579436512,
        -2.747987094139252,
        -4.09289630329587
      ],
      [
        -2.5202983198346307,
        -1.2346820881709015,
        -0.9667127036414733,
        -2.1810631260848026
      ]
    ],
    "counts": [
      {
        "100": 24361,
        "101": 19702,
        "110": 16145,
        "111": 24868,
        "001": 5266,
        "011": 258,
        "000": 823,
        "010": 8577
      },
      {
        "100": 24801,
        "101": 24593,
        "110": 5347,
        "111": 19692,
        "001": 251,
        "010": 19748,
        "000": 352,
        "011": 5216
      },
      {
        "100": 24610,
        "101": 24683,
        "110": 21649,
        "111": 23227,
        "010": 3229,
        "000": 243,
        "011": 2058,
        "001": 301
      },
      {
        "100": 22834,
        "101": 5069,
        "110": 17487,
        "111": 21619,
        "000": 2141,
        "011": 3400,
        "001": 19935,
        "010": 7515
      },
      {
        "100": 24828,
        "101": 21349,
        "110": 22055,
        "111": 23048,
        "010": 2866,
        "001": 3652,
        "011": 1861,
        "000": 341
      },
      {
        "100": 24842,
        "101": 22927,
        "110": 21827,
        "111": 16577,
        "001": 1746,
        "010": 3313,
        "000": 312,
        "011": 8456
      },
      {
        "100": 23080,
        "101": 24649,
        "110": 14954,
        "111": 24312,
        "011": 743,
        "000": 1854,
        "001": 241,
        "010": 10167
      },
      {
        "100": 12959,
        "101": 22502,
        "110": 10500,
        "111": 4420,
        "001": 2588,
        "010": 14622,
        "000": 11897,
        "011": 20512
      },
      {
        "100": 23653,
        "101": 24455,
        "110": 23435,
        "111": 24587,
        "001": 491,
        "010": 1609,
        "000": 1385,
        "011": 385
      },
      {
        "100": 22736,
        "101": 17783,
        "110": 15605,
        "111": 22266,
        "001": 7265,
        "010": 9556,
        "000": 1990,
        "011": 2799
      }
    ]
  },
  "inputs": {
    "graphs": [
      [
        [
          0,
          1
        ]
      ],
      [
        [
          0,
          1
        ]
      ],
      [
        [
          0,
          1
        ]
      ],
      [
        [
          0,
          1
        ]
      ],
      [
        [
          0,
          1
        ]
      ],
      [
        [
          0,
          1
        ]
      ],
      [
        [
          0,
          1
        ]
      ],
      [
        [
          0,
          1
        ]
      ],
      [
        [
          0,
          1
        ]
      ],
      [
        [
          0,
          1
        ]
      ]
    ],