{
  "Fidelity_mean": 0.9981856158279111,
  "Fidelity_sdev": 0.0023258083096517534,
  "KL_mean": 0.0026968431360569157,
  "KL_sdev": 0.005347639091151496,
  "SR_mean": 0.056770999999999995,
  "SR_sdev": 0.04705190377657423,
  "Depth_mean": 47.7,
  "Depth_sdev": 8.149233092751734,
  "all_results": {
    "n": [
      3,
      3,
      3,
      3,
      3,
      3,
      3,
      3,
      3,
      3
    ],
    "d": [
      8,
      8,
      8,
      8,
      8,
      8,
      8,
      8,
      8,
      8
    ],
    "num_cliques": [
      2,
      2,
      2,
      2,
      2,
      2,
      2,
      2,
      2,
      2
    ],
    "max_clique": [
      2,
      2,
      2,
      2,
      2,
      2,
      2,
      2,
      2,
      2
    ],
    "fidelity": [
      0.9981872649836289,
      0.9919465240351372,
      0.9998391536625761,
      0.9963644029467007,
      0.9983093507915864,
      0.9997883168419589,
      0.9995274391562325,
      0.9997874859570968,
      0.9984782015520647,
      0.9996280183521301
    ],
    "KL": [
      0.00021030051748194755,
      0.018594223902766056,
      0.00031041496653788983,
      0.001442447926227614,
      0.0010499746348703672,
      0.0004240935852331683,
      0.0009838724507499927,
      0.0004143968414984919,
      0.0027823713711586716,
      0.0007563351640449576
    ],
    "success_rate": [
      0.05055,
      0.00523,
      0.10118,
      0.00579,
      0.02026,
      0.15828,
      0.05503,
      0.0894,
      0.0121,
      0.06989
    ],
    "gates": [
      72,
      59,
      43,
      77,
      66,
      77,
      68,
      69,
      71,
      72
    ],
    "depth": [
      52,
      41,
      27,
      56,
      46,
      56,
      47,
      49,
      51,
      52
    ],
    "shots": [
      100000,
      100000,
      100000,
      100000,
      100000,
      100000,
      100000,
      100000,
      100000,
      100000
    ],
    "transpile_time": [
      0.32051706314086914,
      0.23804259300231934,
      0.15098309516906738,
      0.33035898208618164,
      0.2865114212036133,
      0.34338998794555664,
      0.28426527976989746,
      0.30458998680114746,
      0.31345319747924805,
      0.33519864082336426
    ],
    "prepare_time": [
      1.2127947807312012,
      1.0147910118103027,
      0.8576643466949463,
      0.9935436248779297,
      0.9721391201019287,
      0.9469797611236572,
      0.9747903347015381,
      0.9592330455780029,
      0.9936459064483643,
      0.9721801280975342
    ],
    "exec_time": [
      0.24160289764404297,
      0.2375493049621582,
      0.24867892265319824,
      0.23532557487487793,
      0.2378392219543457,
      0.24024486541748047,
      0.23290443420410156,
      0.251021146774292,
      0.23801565170288086,
      0.234572172164917
    ],
    "theta": [
      [
        -0.5260234270403537,
        -1.7404680488310813,
        -4.190732115087665,
        -1.6711570771252915,
        -3.5403467369149255,
        -2.3894731322389227,
        -3.8392252396414963,
        -0.14589987114913505
      ],
      [
        -3.9190241731513074,
        -4.048365903545674,
        -2.7375583996822304,
        -4.868985200274877,
        -4.438595872275435,
        -2.6078036291097906,
        -1.1910948110438997,
        -0.11653993992725464
      ],
      [
        -2.343863943075407,
        -3.5906989718773525,
        -4.1191237324706105,
        -0.20760571241469528,
        -3.6160482087476984,
        -4.567707423423576,
        -2.8007392646520617,
        -0.10327355501008739
      ],
      [
        -4.549014968468017,
        -4.54680661668151,
        -0.7947160003542857,
        -3.035702072548771,
        -2.8397291018937127,
        -4.815574609499607,
        -4.474424535802792,
        -1.56766143169594
      ],
      [
        -3.0144968208522185,
        -4.456882412264729,
        -0.6896196015482632,
        -4.530760512366742,
        -3.3920324390748227,
        -1.4911335658992906,
        -4.454229280284893,
        -0.2843052605707319
      ],
      [
        -0.09035660358837827,
        -2.019481701765417,
        -2.5726914074390916,
        -1.7440961114507143,
        -0.24299848973170146,
        -1.5020920051920346,
        -0.6535575362114807,
        -1.094714427243002
      ],
      [
        -1.9700235582648435,
        -3.191375116040245,
        -4.205650756514507,
        -0.8694282839728631,
        -3.019311269945255,
        -2.864181878920997,
        -1.3553973558101555,
        -0.37862198770562827
      ],
      [
        -2.7450954765314206,
        -0.2154621103189296,
        -0.3757838249524754,
        -1.355343422214212,
        -2.408541122047755,
        -0.6367669009366459,
        -1.4638934634581728,
        -4.805093399581048
      ],
      [
        -4.979974665221062,
        -4.653880243600396,
        -3.39904315793219,
        -2.0088750621712643,
        -3.1566563716785887,
        -0.86593119773105,
        -2.635291236134789,
        -0.7224356519866317
      ],
      [
        -2.877031488549513,
        -2.822070302060855,
        -2.615251351194781,
        -0.3807447683582028,
        -2.3185868511238,
        -0.3406917465946657,
        -0.9634787750696834,
        -1.423113075981553
      ]
    ],
    "counts": [
      {
        "10000": 7235,
        "10001": 6683,
        "10010": 2122,
        "10011": 261,
        "10100": 195,
        "10101": 163,
        "10110": 2386,
        "10111": 326,
        "11000": 4894,
        "11001": 4630,
        "11010": 10011,
        "11011": 1399,
        "11100": 11952,
        "11101": 11065,
        "11110": 9814,
        "11111": 1381,
        "01110": 205,
        "00110": 80,
        "00010": 45,
        "01000": 135,
        "00101": 17,
        "01001": 469,
        "00011": 1910,
        "00111": 2065,
        "01010": 225,
        "01111": 8857,
        "01100": 330,
        "01101": 1124,
        "00001": 721,
        "00000": 217,
        "01011": 9083
      },
      {
        "10000": 247,
        "10001": 207,
        "10010": 152,
        "10011": 37,
        "10100": 783,
        "10101": 739,
        "10110": 60,
        "10111": 14,
        "11000": 12065,
        "11001": 11252,
        "11010": 8472,
        "11011": 1435,
        "11100": 11508,
        "11101": 10876,
        "11110": 8746,
        "11111": 1369,
        "01100": 131,
        "00110": 38,
        "00111": 93,
        "01000": 121,
        "00010": 85,
        "00100": 3,
        "00011": 230,
        "00001": 14,
        "01101": 837,
        "01111": 10917,
        "01010": 3759,
        "00101": 58,
        "01001": 953,
        "01110": 3729,
        "00000": 2,
        "01011": 11068
      },
      {
        "10000": 1156,
        "10001": 1181,
        "10010": 334,
        "10011": 36,
        "10100": 197,
        "10101": 201,
        "10110": 9533,
        "10111": 1056,
        "11000": 11114,
        "11001": 11115,
        "11010": 11375,
        "11011": 1146,
        "11100": 11905,
        "11101": 12126,
        "11110": 2199,
        "11111": 231,
        "00010": 19,
        "00101": 4,
        "01001": 103,
        "01110": 136,
        "00001": 13,
        "01101": 121,
        "01000": 312,
        "00110": 648,
        "01111": 2118,
        "01010": 762,
        "00000": 38,
        "01011": 11086,
        "00111": 9061,
        "00100": 8,
        "00011": 327,
        "01100": 339
      },
      {
        "10000": 115,
        "10001": 123,
        "10010": 129,
        "10011": 80,
        "10100": 5284,
        "10101": 5582,
        "10110": 585,
        "10111": 470,
        "11000": 11686,
        "11001": 12345,
        "11010": 12128,
        "11011": 9859,
        "11100": 6555,
        "11101": 6867,
        "11110": 11694,
        "11111": 9264,
        "00010": 1,
        "00110": 5,
        "00111": 128,
        "01010": 137,
        "01100": 401,
        "01000": 749,
        "00011": 25,
        "00100": 365,