{
  "Fidelity_mean": 0.709216917392381,
  "Fidelity_sdev": 0.060144740692294245,
  "KL_mean": 0.5709684636448065,
  "KL_sdev": 0.15434214593845766,
  "SR_mean": 0.49130599999999996,
  "SR_sdev": 0.030530363640153383,
  "Depth_mean": 128.2,
  "Depth_sdev": 15.929846201391904,
  "all_results": {
    "n": [
      4,
      4,
      4,
      4,
      4,
      4,
      4,
      4,
      4,
      4
    ],
    "d": [
      16,
      16,
      16,
      16,
      16,
      16,
      16,
      16,
      16,
      16
    ],
    "num_cliques": [
      1,
      1,
      1,
      1,
      1,
      1,
      1,
      1,
      1,
      1
    ],
    "max_clique": [
      4,
      4,
      4,
      4,
      4,
      4,
      4,
      4,
      4,
      4
    ],
    "fidelity": [
      0.6284668581498839,
      0.7324796322589726,
      0.7303067664201949,
      0.7642524042278963,
      0.7949831319900763,
      0.7345299930882753,
      0.6978471434191266,
      0.5775906272874741,
      0.7088215586758813,
      0.7228910584060295
    ],
    "KL": [
      0.7607418749052409,
      0.511958864231389,
      0.5580702912790906,
      0.41654528239864025,
      0.3719374701573315,
      0.4971862182194379,
      0.5760566355830034,
      0.922379082783592,
      0.5975194482190421,
      0.49728946867129725
    ],
    "success_rate": [
      0.48014,
      0.45621,
      0.47216,
      0.48157,
      0.55392,
      0.52836,
      0.48151,
      0.46591,
      0.47007,
      0.52321
    ],
    "gates": [
      190,
      214,
      214,
      212,
      167,
      216,
      201,
      209,
      215,
      200
    ],
    "depth": [
      125,
      139,
      141,
      141,
      89,
      133,
      128,
      138,
      138,
      110
    ],
    "shots": [
      100000,
      100000,
      100000,
      100000,
      100000,
      100000,
      100000,
      100000,
      100000,
      100000
    ],
    "transpile_time": [
      0.497058629989624,
      0.2576148509979248,
      0.26529550552368164,
      0.252758264541626,
      0.20195960998535156,
      0.2537553310394287,
      0.24319124221801758,
      0.26217103004455566,
      0.25121283531188965,
      0.25121498107910156
    ],
    "prepare_time": [
      2.206622838973999,
      2.109806537628174,
      2.039700746536255,
      2.173644542694092,
      1.983072280883789,
      2.1860098838806152,
      1.9951283931732178,
      2.166482448577881,
      2.010462999343872,
      2.05904221534729
    ],
    "exec_time": [
      96.3039116859436,
      96.22812509536743,
      96.19482016563416,
      96.14395523071289,
      96.15593600273132,
      96.20858478546143,
      96.21088409423828,
      96.25096344947815,
      96.1467034816742,
      96.17194390296936
    ],
    "theta": [
      [
        -4.956230108249294,
        -3.5065709047645877,
        -4.717986044910651,
        -2.5870480778044307,
        -3.5910657480541692,
        -1.0294242577881012,
        -3.5412539598498496,
        -1.3269422771208434,
        -3.892387700951116,
        -1.418569432342815,
        -4.741377905429984,
        -2.522906449017349,
        -1.6881614805044727,
        -1.2565102842787632,
        -1.489668008896348,
        -3.728455909848592
      ],
      [
        -0.6796421866606561,
        -1.7038757552264734,
        -3.781623280312254,
        -4.600592588662514,
        -2.0926851438289527,
        -0.07689873222505561,
        -1.2067943564103776,
        -4.2600480780356555,
        -1.821521149485811,
        -4.1893151288830115,
        -2.5565637647812407,
        -2.0721624950420936,
        -3.4533280530660075,
        -1.5163170024641883,
        -1.0499535678405496,
        -4.575796110192592
      ],
      [
        -2.4417594834850673,
        -0.2256404848303868,
        -1.1979953371639716,
        -1.9971344875580543,
        -2.4838718453849213,
        -4.646581514464216,
        -0.9681768582248091,
        -2.5452434118239227,
        -4.223426729133081,
        -1.5943798688704174,
        -3.693154898517225,
        -0.7141987299172063,
        -4.264307056005526,
        -1.919989326462797,
        -2.1631834356834276,
        -2.5952927441294023
      ],
      [
        -0.7435944593147417,
        -2.297500485995862,
        -0.54329003308737,
        -0.19907524450567227,
        -1.7556869985628523,
        -2.339980767090348,
        -1.6517592837646662,
        -0.2167189761083712,
        -3.178476855001787,
        -4.157449831147316,
        -2.3092471438359596,
        -0.2580195668744478,
        -2.91841138356703,
        -3.9812216579436512,
        -2.747987094139252,
        -4.09289630329587
      ],
      [
        -3.6598969618663983,
        -0.4869052317566753,
        -1.9174888126875564,
        -1.662865469507834,
        -0.9028643529690896,
        -2.943726650054045,
        -2.7063275957874073,
        -2.4541303006095787,
        -2.3014817686439106,
        -1.6269457528915283,
        -0.6131052548282758,
        -2.441066527776497,
        -0.6160452991890164,
        -4.8281044647944,
        -1.9958380386494858,
        -2.5692054451634028
      ],
      [
        -0.5246182810468216,
        -4.752280143574678,
        -2.2904370045893963,
        -0.22177897024854687,
        -4.232785143761027,
        -2.4407395383545687,
        -0.19164665026123906,
        -0.23558885122640394,
        -1.4387376080608454,
        -4.812910596964392,
        -3.403455255444559,
        -2.1150492195604125,
        -2.9118444058823316,
        -0.8620585068637263,
        -2.208475462383082,
        -0.22516588858349795
      ],
      [
        -0.8772063407859969,
        -2.4829502316121683,
        -0.617925030815039,
        -3.5772938879276737,
        -2.4157834812151497,
        -3.8058262456321383,
        -0.703641941811,
        -0.08474237618057145,
        -0.3620416579080725,
        -2.4503036347775535,
        -0.5112097013334171,
        -1.8887396020681693,
        -4.549014968468017,
        -4.54680661668151,
        -0.7947160003542857,
        -3.035702072548771
      ],
      [
        -4.958019954969854,
        -2.627479999314023,
        -4.094497680044033,
        -2.975765905590317,
        -3.0144968208522185,
        -4.456882412264729,
        -0.6896196015482632,
        -4.530760512366742,
        -3.3920324390748227,
        -1.4911335658992906,
        -4.454229280284893,
        -0.2843052605707319,
        -4.151128900954747,
        -3.0081664085172743,
        -0.30455900819950177,
        -2.5058765562118825
      ],
      [
        -0.24299848973170146,
        -1.5020920051920346,
        -0.6535575362114807,
        -1.094714427243002,
        -2.46279281111311,
        -3.7068637789117957,
        -3.904845402639078,
        -3.6172107801912174,
        -2.2690946583754728,
        -2.6236715895666953,
        -1.0265916078980921,
        -2.4606676062443613,
        -3.386040773756475,
        -4.362603150715325,
        -2.707162905040201,
        -0.18073302471718655
      ],
      [
        -4.027805332170844,
        -1.060927368672139,
        -0.8998338890785993,
        -0.28066670669723237,
        -0.1330009652941211,
        -1.4814074422123458,
        -3.088650083374673,
        -4.397969181069106,
        -2.160984150024729,
        -4.76008182830282,
        -0.8783320235606258,
        -1.649432248862568,
        -2.6531720480044743,
        -4.696754497167738,
        -4.746942244552844,
        -0.9073205416887449
      ]
    ],
    "counts": [
      {
        "10000": 7113,
        "10001": 5257,
        "10010": 3776,
        "10011": 3445,
        "10100": 3802,
        "10101": 3130,
        "10110": 2789,
        "10111": 2459,
        "11000": 4126,
        "11001": 2919,
        "11010": 3410,
        "11011": 1809,
        "11100": 2737,
        "11101": 1460,
        "11110": 2604,
        "11111": 1151,
        "00000": 4814,
        "00001": 3618,
        "00010": 3065,