{
  "Fidelity_mean": 0.7145138254464205,
  "Fidelity_sdev": 0.057080552057251856,
  "KL_mean": 0.5645412555976828,
  "KL_sdev": 0.14167499446271126,
  "SR_mean": 0.506012,
  "SR_sdev": 0.0055887401084681034,
  "Depth_mean": 122.8,
  "Depth_sdev": 12.456323695216017,
  "all_results": {
    "n": [
      4,
      4,
      4,
      4,
      4,
      4,
      4,
      4,
      4,
      4
    ],
    "d": [
      16,
      16,
      16,
      16,
      16,
      16,
      16,
      16,
      16,
      16
    ],
    "num_cliques": [
      1,
      1,
      1,
      1,
      1,
      1,
      1,
      1,
      1,
      1
    ],
    "max_clique": [
      4,
      4,
      4,
      4,
      4,
      4,
      4,
      4,
      4,
      4
    ],
    "fidelity": [
      0.7015526235401205,
      0.6982846728882949,
      0.7704544594117875,
      0.760680818822162,
      0.7880641661740839,
      0.6879970374861741,
      0.7131420695292406,
      0.5716245845281893,
      0.7322487191547509,
      0.7210891029294024
    ],
    "KL": [
      0.5875401371360797,
      0.5963027827964301,
      0.4435584361655586,
      0.46612594097009263,
      0.42050621956168366,
      0.5791204094154702,
      0.5365310138929936,
      0.9520224138856412,
      0.5522966635127482,
      0.5114085386401299
    ],
    "success_rate": [
      0.50243,
      0.51055,
      0.49843,
      0.50675,
      0.51201,
      0.50502,
      0.50127,
      0.50373,
      0.50206,
      0.51787
    ],
    "gates": [
      182,
      211,
      209,
      204,
      175,
      197,
      165,
      208,
      210,
      189
    ],
    "depth": [
      119,
      133,
      134,
      135,
      95,
      126,
      110,
      131,
      131,
      114
    ],
    "shots": [
      100000,
      100000,
      100000,
      100000,
      100000,
      100000,
      100000,
      100000,
      100000,
      100000
    ],
    "transpile_time": [
      0.4667084217071533,
      0.2639186382293701,
      0.27004027366638184,
      0.25957369804382324,
      0.2124946117401123,
      0.2533142566680908,
      0.20579218864440918,
      0.2746579647064209,
      0.26142454147338867,
      0.2473289966583252
    ],
    "prepare_time": [
      2.2043397426605225,
      2.074018716812134,
      2.1226794719696045,
      2.2010438442230225,
      2.017051935195923,
      2.1600308418273926,
      2.0468993186950684,
      2.1616222858428955,
      1.9797723293304443,
      2.1540019512176514
    ],
    "exec_time": [
      186.47913765907288,
      111.24518465995789,
      196.64162731170654,
      136.288471698761,
      126.25960803031921,
      281.3502995967865,
      226.37401294708252,
      291.4873824119568,
      541.6604425907135,
      871.9453177452087
    ],
    "theta": [
      [
        -4.956230108249294,
        -3.5065709047645877,
        -4.717986044910651,
        -2.5870480778044307,
        -3.5910657480541692,
        -1.0294242577881012,
        -3.5412539598498496,
        -1.3269422771208434,
        -3.892387700951116,
        -1.418569432342815,
        -4.741377905429984,
        -2.522906449017349,
        -1.6881614805044727,
        -1.2565102842787632,
        -1.489668008896348,
        -3.728455909848592
      ],
      [
        -0.6796421866606561,
        -1.7038757552264734,
        -3.781623280312254,
        -4.600592588662514,
        -2.0926851438289527,
        -0.07689873222505561,
        -1.2067943564103776,
        -4.2600480780356555,
        -1.821521149485811,
        -4.1893151288830115,
        -2.5565637647812407,
        -2.0721624950420936,
        -3.4533280530660075,
        -1.5163170024641883,
        -1.0499535678405496,
        -4.575796110192592
      ],
      [
        -2.4417594834850673,
        -0.2256404848303868,
        -1.1979953371639716,
        -1.9971344875580543,
        -2.4838718453849213,
        -4.646581514464216,
        -0.9681768582248091,
        -2.5452434118239227,
        -4.223426729133081,
        -1.5943798688704174,
        -3.693154898517225,
        -0.7141987299172063,
        -4.264307056005526,
        -1.919989326462797,
        -2.1631834356834276,
        -2.5952927441294023
      ],
      [
        -0.7435944593147417,
        -2.297500485995862,
        -0.54329003308737,
        -0.19907524450567227,
        -1.7556869985628523,
        -2.339980767090348,
        -1.6517592837646662,
        -0.2167189761083712,
        -3.178476855001787,
        -4.157449831147316,
        -2.3092471438359596,
        -0.2580195668744478,
        -2.91841138356703,
        -3.9812216579436512,
        -2.747987094139252,
        -4.09289630329587
      ],
      [
        -3.6598969618663983,
        -0.4869052317566753,
        -1.9174888126875564,
        -1.662865469507834,
        -0.9028643529690896,
        -2.943726650054045,
        -2.7063275957874073,
        -2.4541303006095787,
        -2.3014817686439106,
        -1.6269457528915283,
        -0.6131052548282758,
        -2.441066527776497,
        -0.6160452991890164,
        -4.8281044647944,
        -1.9958380386494858,
        -2.5692054451634028
      ],
      [
        -0.5246182810468216,
        -4.752280143574678,
        -2.2904370045893963,
        -0.22177897024854687,
        -4.232785143761027,
        -2.4407395383545687,
        -0.19164665026123906,
        -0.23558885122640394,
        -1.4387376080608454,
        -4.812910596964392,
        -3.403455255444559,
        -2.1150492195604125,
        -2.9118444058823316,
        -0.8620585068637263,
        -2.208475462383082,
        -0.22516588858349795
      ],
      [
        -0.8772063407859969,
        -2.4829502316121683,
        -0.617925030815039,
        -3.5772938879276737,
        -2.4157834812151497,
        -3.8058262456321383,
        -0.703641941811,
        -0.08474237618057145,
        -0.3620416579080725,
        -2.4503036347775535,
        -0.5112097013334171,
        -1.8887396020681693,
        -4.549014968468017,
        -4.54680661668151,
        -0.7947160003542857,
        -3.035702072548771
      ],
      [
        -4.958019954969854,
        -2.627479999314023,
        -4.094497680044033,
        -2.975765905590317,
        -3.0144968208522185,
        -4.456882412264729,
        -0.6896196015482632,
        -4.530760512366742,
        -3.3920324390748227,
        -1.4911335658992906,
        -4.454229280284893,
        -0.2843052605707319,
        -4.151128900954747,
        -3.0081664085172743,
        -0.30455900819950177,
        -2.5058765562118825
      ],
      [
        -0.24299848973170146,
        -1.5020920051920346,
        -0.6535575362114807,
        -1.094714427243002,
        -2.46279281111311,
        -3.7068637789117957,
        -3.904845402639078,
        -3.6172107801912174,
        -2.2690946583754728,
        -2.6236715895666953,
        -1.0265916078980921,
        -2.4606676062443613,
        -3.386040773756475,
        -4.362603150715325,
        -2.707162905040201,
        -0.18073302471718655
      ],
      [
        -4.027805332170844,
        -1.060927368672139,
        -0.8998338890785993,
        -0.28066670669723237,
        -0.1330009652941211,
        -1.4814074422123458,
        -3.088650083374673,
        -4.397969181069106,
        -2.160984150024729,
        -4.76008182830282,
        -0.8783320235606258,
        -1.649432248862568,
        -2.6531720480044743,
        -4.696754497167738,
        -4.746942244552844,
        -0.9073205416887449
      ]
    ],
    "counts": [
      {
        "10000": 3539,
        "10001": 3470,
        "10010": 3807,
        "10011": 4085,
        "10100": 2972,
        "10101": 2596,
        "10110": 2825,
        "10111": 2888,
        "11000": 2664,
        "11001": 2728,
        "11010": 2921,
        "11011": 3577,
        "11100": 2942,
        "11101": 2914,
        "11110": 3042,
        "11111": 2786,
        "00000": 3603,
        "00001": 3347,
        "00010": 3538,