{
  "Fidelity_mean": 0.9995025406509871,
  "Fidelity_sdev": 0.00016996587236772545,
  "KL_mean": 0.0009971762816212777,
  "KL_sdev": 0.00034044149596135703,
  "SR_mean": 0.194746875,
  "SR_sdev": 0.04196012907082896,
  "Depth_mean": 57.2,
  "Depth_sdev": 4.019950248448356,
  "all_results": {
    "n": [
      4,
      4,
      4,
      4,
      4,
      4,
      4,
      4,
      4,
      4
    ],
    "d": [
      16,
      16,
      16,
      16,
      16,
      16,
      16,
      16,
      16,
      16
    ],
    "num_cliques": [
      1,
      1,
      1,
      1,
      1,
      1,
      1,
      1,
      1,
      1
    ],
    "max_clique": [
      4,
      4,
      4,
      4,
      4,
      4,
      4,
      4,
      4,
      4
    ],
    "fidelity": [
      0.999082453117146,
      0.9993212974712837,
      0.9996993567717608,
      0.9996196174169604,
      0.9996198147206424,
      0.9995632583157079,
      0.9995253742207392,
      0.9994785335768451,
      0.9995929353147471,
      0.9995227655840393
    ],
    "KL": [
      0.0018277362146383706,
      0.0013744549785745855,
      0.0005968546788165604,
      0.0007697613733723501,
      0.0007607967474998908,
      0.0008699176594271097,
      0.0009616815387342673,
      0.001040879374040844,
      0.0008000419062443717,
      0.0009696383448644277
    ],
    "success_rate": [
      0.11178125,
      0.17521875,
      0.17525,
      0.18878125,
      0.21303125,
      0.21684375,
      0.18734375,
      0.16521875,
      0.24240625,
      0.27159375
    ],
    "gates": [
      77,
      77,
      77,
      64,
      77,
      72,
      77,
      77,
      77,
      77
    ],
    "depth": [
      59,
      59,
      59,
      46,
      59,
      54,
      59,
      59,
      59,
      59
    ],
    "shots": [
      32000,
      32000,
      32000,
      32000,
      32000,
      32000,
      32000,
      32000,
      32000,
      32000
    ],
    "transpile_time": [
      0.4529130458831787,
      0.48740601539611816,
      0.485368013381958,
      0.3670694828033447,
      0.5045018196105957,
      0.44792914390563965,
      0.5078027248382568,
      0.4630253314971924,
      0.5101449489593506,
      0.4610598087310791
    ],
    "prepare_time": [
      2.9064838886260986,
      2.712118148803711,
      2.654287815093994,
      2.5106191635131836,
      2.707986831665039,
      2.637284278869629,
      2.671619176864624,
      2.6057751178741455,
      2.567537784576416,
      2.5524096488952637
    ],
    "exec_time": [
      0.07571291923522949,
      0.07378435134887695,
      0.07370901107788086,
      0.07579779624938965,
      0.07395291328430176,
      0.07333230972290039,
      0.07311272621154785,
      0.09651303291320801,
      0.08626341819763184,
      0.07573676109313965
    ],
    "theta": [
      [
        -4.956230108249294,
        -3.5065709047645877,
        -4.717986044910651,
        -2.5870480778044307,
        -3.5910657480541692,
        -1.0294242577881012,
        -3.5412539598498496,
        -1.3269422771208434,
        -3.892387700951116,
        -1.418569432342815,
        -4.741377905429984,
        -2.522906449017349,
        -1.6881614805044727,
        -1.2565102842787632,
        -1.489668008896348,
        -3.728455909848592
      ],
      [
        -2.262422575604132,
        -1.3606058613475085,
        -1.038278551242502,
        -3.869392501034459,
        -4.753721903964901,
        -4.420880450623621,
        -0.025301160780878185,
        -1.0129604245787593,
        -2.11557695014387,
        -4.0757226502415875,
        -4.358633754820794,
        -1.2956413326569352,
        -3.685691014701037,
        -1.7629905174357057,
        -3.1887637090128496,
        -3.2983090655426066
      ],
      [
        -3.4746511724977287,
        -4.604719150679229,
        -4.9674580481883925,
        -4.568877368066539,
        -3.6936173195401585,
        -4.135576002326049,
        -1.2732080797352303,
        -4.0489186766395235,
        -3.603264229613866,
        -2.7094443639008876,
        -3.035881505378031,
        -0.489040683371873,
        -0.22267153168397869,
        -2.808530671254384,
        -0.2901275416881557,
        -3.462903067024426
      ],
      [
        -0.6796421866606561,
        -1.7038757552264734,
        -3.781623280312254,
        -4.600592588662514,
        -2.0926851438289527,
        -0.07689873222505561,
        -1.2067943564103776,
        -4.2600480780356555,
        -1.821521149485811,
        -4.1893151288830115,
        -2.5565637647812407,
        -2.0721624950420936,
        -3.4533280530660075,
        -1.5163170024641883,
        -1.0499535678405496,
        -4.575796110192592
      ],
      [
        -1.0404071365080747,
        -0.6564142472549692,
        -2.839025181745531,
        -2.1199664393937465,
        -4.843628218384382,
        -0.9637541544822028,
        -4.685902061038391,
        -1.8734141402855022,
        -4.285200899761931,
        -4.566464540346415,
        -0.23654690920226606,
        -1.57611613046637,
        -0.38229773813518886,
        -3.944961044120098,
        -3.1846468586170054,
        -3.76290402938601
      ],
      [
        -0.36909262178145763,
        -1.5790415057705172,
        -3.619062819365726,
        -4.802309451548213,
        -4.706361038687703,
        -4.430200905896622,
        -2.038103695418284,
        -2.4807561113357384,
        -3.227808661464837,
        -3.5780261853912485,
        -1.6764665996180894,
        -2.2798034151628177,
        -0.6737927848448839,
        -0.3819705455931448,
        -3.2077238614684673,
        -0.25336630451874775
      ],
      [
        -2.4417594834850673,
        -0.2256404848303868,
        -1.1979953371639716,
        -1.9971344875580543,
        -2.4838718453849213,
        -4.646581514464216,
        -0.9681768582248091,
        -2.5452434118239227,
        -4.223426729133081,
        -1.5943798688704174,
        -3.693154898517225,
        -0.7141987299172063,
        -4.264307056005526,
        -1.919989326462797,
        -2.1631834356834276,
        -2.5952927441294023
      ],
      [
        -3.5908374221314237,
        -1.8437758818507528,
        -3.0282107710416413,
        -1.007550261380937,
        -1.3649266753400053,
        -3.3769737075911817,
        -2.226088848994524,
        -0.8816339370847377,
        -4.518137955424632,
        -2.636883995647258,
        -2.0314373696418193,
        -1.110899361851184,
        -2.9366743260895145,
        -0.7960796165517285,
        -1.837320996230388,
        -3.6941230382038306
      ],
      [
        -0.5946868243034009,
        -3.3727132516046616,
        -0.665804217951071,
        -1.799119539707942,
        -2.6289751879020558,
        -4.675747616571391,
        -0.9039371751361385,
        -3.5905000172525328,
        -3.7314669672408805,
        -4.754758139183122,
        -4.1491911753450825,
        -1.1424532602731161,
        -0.44929475465696456,
        -3.6742049449666814,
        -0.7372359518986773,
        -0.5687899661325693
      ],
      [
        -0.7435944593147417,
        -2.297500485995862,
        -0.54329003308737,
        -0.19907524450567227,
        -1.7556869985628523,
        -2.339980767090348,
        -1.6517592837646662,
        -0.2167189761083712,
        -3.178476855001787,
        -4.157449831147316,
        -2.3092471438359596,
        -0.2580195668744478,
        -2.91841138356703,
        -3.9812216579436512,
        -2.747987094139252,
        -4.09289630329587
      ]
    ],
    "counts": [
      {
        "10000": 2083,
        "10001": 1965,
        "10010": 1987,
        "10011": 1848,
        "10100": 1939,
        "10101": 1379,
        "10110": 1988,
        "10111": 1498,
        "11000": 1970,
        "11001": 1466,
        "11010": 1990,
        "11011": 1930,
        "11100": 1567,
        "11101": 1431,
        "11110": 1512,
        "11111": 1870,
        "00010": 18,
        "01000": 45,