{
  "Fidelity_mean": 0.7061455552803897,
  "Fidelity_sdev": 0.07135230265758379,
  "KL_mean": 0.5938844543590489,
  "KL_sdev": 0.1684660539771285,
  "SR_mean": 0.5018312500000001,
  "SR_sdev": 0.030529763269840464,
  "Depth_mean": 114.4,
  "Depth_sdev": 21.397196077991154,
  "all_results": {
    "n": [
      4,
      4,
      4,
      4,
      4,
      4,
      4,
      4,
      4,
      4
    ],
    "d": [
      16,
      16,
      16,
      16,
      16,
      16,
      16,
      16,
      16,
      16
    ],
    "num_cliques": [
      1,
      1,
      1,
      1,
      1,
      1,
      1,
      1,
      1,
      1
    ],
    "max_clique": [
      4,
      4,
      4,
      4,
      4,
      4,
      4,
      4,
      4,
      4
    ],
    "fidelity": [
      0.7316129796350394,
      0.659915529478999,
      0.7723096903430822,
      0.6792288711715981,
      0.8338185214727595,
      0.6627881951200663,
      0.7405924945758914,
      0.5758939728413082,
      0.7603829124744169,
      0.6449123856907357
    ],
    "KL": [
      0.5023641171572487,
      0.7789080900210873,
      0.45034151462103517,
      0.6654337912481587,
      0.31073834939673217,
      0.6531647882193302,
      0.49094620214264045,
      0.9042606215542395,
      0.47988485129051167,
      0.7028022179395038
    ],
    "success_rate": [
      0.58775,
      0.499625,
      0.4831875,
      0.49034375,
      0.51234375,
      0.48,
      0.49225,
      0.5040625,
      0.47540625,
      0.49334375
    ],
    "gates": [
      123,
      208,
      206,
      199,
      115,
      181,
      157,
      201,
      199,
      158
    ],
    "depth": [
      85,
      133,
      132,
      129,
      68,
      120,
      105,
      132,
      130,
      110
    ],
    "shots": [
      32000,
      32000,
      32000,
      32000,
      32000,
      32000,
      32000,
      32000,
      32000,
      32000
    ],
    "transpile_time": [
      0.41010355949401855,
      0.25887322425842285,
      0.256441593170166,
      0.25702810287475586,
      0.14457917213439941,
      0.22244715690612793,
      0.19819331169128418,
      0.25574231147766113,
      0.25872254371643066,
      0.20421314239501953
    ],
    "prepare_time": [
      2.217879056930542,
      2.0819156169891357,
      2.0391528606414795,
      2.1344242095947266,
      1.9451334476470947,
      2.098158597946167,
      1.9810693264007568,
      2.0848777294158936,
      1.9937098026275635,
      2.0948572158813477
    ],
    "exec_time": [
      41.0719997882843,
      41.1666693687439,
      41.13097262382507,
      41.077961683273315,
      41.1234917640686,
      41.09313917160034,
      41.12863039970398,
      41.10850954055786,
      41.15230441093445,
      41.10752630233765
    ],
    "theta": [
      [
        -4.956230108249294,
        -3.5065709047645877,
        -4.717986044910651,
        -2.5870480778044307,
        -3.5910657480541692,
        -1.0294242577881012,
        -3.5412539598498496,
        -1.3269422771208434,
        -3.892387700951116,
        -1.418569432342815,
        -4.741377905429984,
        -2.522906449017349,
        -1.6881614805044727,
        -1.2565102842787632,
        -1.489668008896348,
        -3.728455909848592
      ],
      [
        -0.6796421866606561,
        -1.7038757552264734,
        -3.781623280312254,
        -4.600592588662514,
        -2.0926851438289527,
        -0.07689873222505561,
        -1.2067943564103776,
        -4.2600480780356555,
        -1.821521149485811,
        -4.1893151288830115,
        -2.5565637647812407,
        -2.0721624950420936,
        -3.4533280530660075,
        -1.5163170024641883,
        -1.0499535678405496,
        -4.575796110192592
      ],
      [
        -2.4417594834850673,
        -0.2256404848303868,
        -1.1979953371639716,
        -1.9971344875580543,
        -2.4838718453849213,
        -4.646581514464216,
        -0.9681768582248091,
        -2.5452434118239227,
        -4.223426729133081,
        -1.5943798688704174,
        -3.693154898517225,
        -0.7141987299172063,
        -4.264307056005526,
        -1.919989326462797,
        -2.1631834356834276,
        -2.5952927441294023
      ],
      [
        -0.7435944593147417,
        -2.297500485995862,
        -0.54329003308737,
        -0.19907524450567227,
        -1.7556869985628523,
        -2.339980767090348,
        -1.6517592837646662,
        -0.2167189761083712,
        -3.178476855001787,
        -4.157449831147316,
        -2.3092471438359596,
        -0.2580195668744478,
        -2.91841138356703,
        -3.9812216579436512,
        -2.747987094139252,
        -4.09289630329587
      ],
      [
        -3.6598969618663983,
        -0.4869052317566753,
        -1.9174888126875564,
        -1.662865469507834,
        -0.9028643529690896,
        -2.943726650054045,
        -2.7063275957874073,
        -2.4541303006095787,
        -2.3014817686439106,
        -1.6269457528915283,
        -0.6131052548282758,
        -2.441066527776497,
        -0.6160452991890164,
        -4.8281044647944,
        -1.9958380386494858,
        -2.5692054451634028
      ],
      [
        -0.5246182810468216,
        -4.752280143574678,
        -2.2904370045893963,
        -0.22177897024854687,
        -4.232785143761027,
        -2.4407395383545687,
        -0.19164665026123906,
        -0.23558885122640394,
        -1.4387376080608454,
        -4.812910596964392,
        -3.403455255444559,
        -2.1150492195604125,
        -2.9118444058823316,
        -0.8620585068637263,
        -2.208475462383082,
        -0.22516588858349795
      ],
      [
        -0.8772063407859969,
        -2.4829502316121683,
        -0.617925030815039,
        -3.5772938879276737,
        -2.4157834812151497,
        -3.8058262456321383,
        -0.703641941811,
        -0.08474237618057145,
        -0.3620416579080725,
        -2.4503036347775535,
        -0.5112097013334171,
        -1.8887396020681693,
        -4.549014968468017,
        -4.54680661668151,
        -0.7947160003542857,
        -3.035702072548771
      ],
      [
        -4.958019954969854,
        -2.627479999314023,
        -4.094497680044033,
        -2.975765905590317,
        -3.0144968208522185,
        -4.456882412264729,
        -0.6896196015482632,
        -4.530760512366742,
        -3.3920324390748227,
        -1.4911335658992906,
        -4.454229280284893,
        -0.2843052605707319,
        -4.151128900954747,
        -3.0081664085172743,
        -0.30455900819950177,
        -2.5058765562118825
      ],
      [
        -0.24299848973170146,
        -1.5020920051920346,
        -0.6535575362114807,
        -1.094714427243002,
        -2.46279281111311,
        -3.7068637789117957,
        -3.904845402639078,
        -3.6172107801912174,
        -2.2690946583754728,
        -2.6236715895666953,
        -1.0265916078980921,
        -2.4606676062443613,
        -3.386040773756475,
        -4.362603150715325,
        -2.707162905040201,
        -0.18073302471718655
      ],
      [
        -4.027805332170844,
        -1.060927368672139,
        -0.8998338890785993,
        -0.28066670669723237,
        -0.1330009652941211,
        -1.4814074422123458,
        -3.088650083374673,
        -4.397969181069106,
        -2.160984150024729,
        -4.76008182830282,
        -0.8783320235606258,
        -1.649432248862568,
        -2.6531720480044743,
        -4.696754497167738,
        -4.746942244552844,
        -0.9073205416887449
      ]
    ],
    "counts": [
      {
        "10000": 1203,
        "10001": 1141,
        "10010": 969,
        "10011": 575,
        "10100": 1164,
        "10101": 422,
        "10110": 1261,
        "10111": 485,
        "11000": 978,
        "11001": 1139,
        "11010": 1082,
        "11011": 823,
        "11100": 634,
        "11101": 398,
        "11110": 525,
        "11111": 392,
        "00000": 1642,
        "00001": 1141,
        "00010": 1398,