{
  "negative avg. log-likelihood": 1.0970454092859623,
  "marginal l2 loss": 1.0970454092859623,
  "SR_mean": 0.077257,
  "SR_sdev": 0.15822003016369324,
  "all_results": {
    "n": [
      3,
      3,
      3,
      3,
      3,
      3,
      3,
      3,
      3,
      3,
      3,
      3,
      3,
      3,
      3,
      3,
      3,
      3,
      3,
      3,
      3,
      3,
      3,
      3,
      3,
      3,
      3,
      3,
      3,
      3,
      3,
      3,
      3,
      3,
      3,
      3,
      3,
      3,
      3,
      3,
      3,
      3,
      3,
      3,
      3,
      3,
      3,
      3,
      3,
      3,
      3,
      3,
      3,
      3,
      3,
      3,
      3,
      3,
      3,
      3,
      3,
      3,
      3,
      3,
      3,
      3,
      3,
      3,
      3,
      3,
      3,
      3,
      3,
      3,
      3,
      3,
      3,
      3,
      3,
      3,
      3,
      3,
      3,
      3,
      3,
      3,
      3,
      3,
      3,
      3,
      3,
      3,
      3,
      3,
      3,
      3,
      3,
      3,
      3,
      3
    ],
    "d": [
      8,
      8,
      8,
      8,
      8,
      8,
      8,
      8,
      8,
      8,
      8,
      8,
      8,
      8,
      8,
      8,
      8,
      8,
      8,
      8,
      8,
      8,
      8,
      8,
      8,
      8,
      8,
      8,
      8,
      8,
      8,
      8,
      8,
      8,
      8,
      8,
      8,
      8,
      8,
      8,
      8,
      8,
      8,
      8,
      8,
      8,
      8,
      8,
      8,
      8,
      8,
      8,
      8,
      8,
      8,
      8,
      8,
      8,
      8,
      8,
      8,
      8,
      8,
      8,
      8,
      8,
      8,
      8,
      8,
      8,
      8,
      8,
      8,
      8,
      8,
      8,
      8,
      8,
      8,
      8,
      8,
      8,
      8,
      8,
      8,
      8,
      8,
      8,
      8,
      8,
      8,
      8,
      8,
      8,
      8,
      8,
      8,
      8,
      8,
      8
    ],
    "num_cliques": [
      2,
      2,
      2,
      2,
      2,
      2,
      2,
      2,
      2,
      2,
      2,
      2,
      2,
      2,
      2,
      2,
      2,
      2,
      2,
      2,
      2,
      2,
      2,
      2,
      2,
      2,
      2,
      2,
      2,
      2,
      2,
      2,
      2,
      2,
      2,
      2,
      2,
      2,
      2,
      2,
      2,
      2,
      2,
      2,
      2,
      2,
      2,
      2,
      2,
      2,
      2,
      2,
      2,
      2,
      2,
      2,
      2,
      2,
      2,
      2,
      2,
      2,
      2,
      2,
      2,
      2,
      2,
      2,
      2,
      2,
      2,
      2,
      2,
      2,
      2,
      2,
      2,
      2,
      2,
      2,
      2,
      2,
      2,
      2,
      2,
      2,
      2,
      2,
      2,
      2,
      2,
      2,
      2,
      2,
      2,
      2,
      2,
      2,
      2,
      2
    ],
    "max_clique": [
      2,
      2,
      2,
      2,
      2,
      2,
      2,
      2,
      2,
      2,
      2,
      2,
      2,
      2,
      2,
      2,
      2,
      2,
      2,
      2,
      2,
      2,
      2,
      2,
      2,
      2,
      2,
      2,
      2,
      2,
      2,
      2,
      2,
      2,
      2,
      2,
      2,
      2,
      2,
      2,
      2,
      2,
      2,
      2,
      2,
      2,
      2,
      2,
      2,
      2,
      2,
      2,
      2,
      2,
      2,
      2,
      2,
      2,
      2,
      2,
      2,
      2,
      2,
      2,
      2,
      2,
      2,
      2,
      2,
      2,
      2,
      2,
      2,
      2,
      2,
      2,
      2,
      2,
      2,
      2,
      2,
      2,
      2,
      2,
      2,
      2,
      2,
      2,
      2,
      2,
      2,
      2,
      2,
      2,
      2,
      2,
      2,
      2,
      2,
      2
    ],
    "success_rate": [
      1,
      0.78571,
      0.62808,
      0.51496,
      0.42824,
      0.36638,
      0.31933,
      0.27883,
      0.24595,
      0.21995,
      0.19689,
      0.17446,
      0.15772,
      0.1398,
      0.12623,
      0.11001,
      0.09932,
      0.08778,
      0.08039,
      0.07293,
      0.06505,
      0.05958,
      0.05658,
      0.05348,
      0.04938,
      0.04474,
      0.04053,
      0.03826,
      0.03534,
      0.0322,
      0.02975,
      0.02743,
      0.02632,
      0.0239,
      0.02224,
      0.02155,
      0.02029,
      0.02028,
      0.02095,
      0.02163,
      0.02254,
      0.02171,
      0.02284,
      0.02259,
      0.02273,
      0.02184,
      0.02196,
      0.02166,
      0.02221,
      0.02123,
      0.01913,
      0.01945,
      0.01881,
      0.01867,
      0.01858,
      0.01815,
      0.01742,
      0.01663,
      0.01791,
      0.01787,
      0.01667,
      0.0177,
      0.01699,
      0.0164,
      0.01592,
      0.01598,
      0.0156,
      0.01466,
      0.01512,
      0.01398,
      0.01468,
      0.01466,
      0.01518,
      0.01565,
      0.01616,
      0.01624,
      0.01602,
      0.01652,
      0.016,
      0.01566,
      0.0148,
      0.01419,
      0.01276,
      0.0134,
      0.01218,
      0.01335,
      0.0134,
      0.01418,
      0.0141,
      0.0143,
      0.01381,
      0.013,
      0.01245,
      0.01251,
      0.01275,
      0.01268,
      0.01285,
      0.01262,
      0.01235,
      0.01186
    ],
    "gates": [
      11,
      66,
      70,
      61,
      71,
      51,
      84,
      77,
      71,
      69,
      84,
      70,
      76,
      78,
      67,
      69,
      74,
      84,
      74,
      68,
      68,
      84,
      77,
      69,
      68,
      77,
      84,
      84,
      84,
      68,
      71,
      84,
      69,
      76,
      84,
      84,
      62,
      62,
      77,
      75,
      75,
      67,
      62,
      60,
      68,
      64,
      77,
      62,
      77,
      62,
      71,
      74,
      74,
      76,
      69,
      69,
      74,
      69,
      68,
      58,
      68,
      70,
      77,
      84,
      68,
      77,
      70,
      54,
      68,
      69,
      77,
      67,
      69,
      53,
      68,
      68,
      61,
      84,
      74,
      77,
      69,
      78,
      77,
      76,
      84,
      77,
      84,
      76,
      74,
      53,
      84,
      60,
      67,
      62,
      77,
      58,
      84,
      63,
      58,
      63
    ],
    "depth": [
      4,
      46,
      49,
      42,
      50,
      34,
      60,
      53,
      48,
      45,
      60,
      45,
      53,
      54,
      44,
      45,
      50,
      60,
      50,
      44,
      46,
      60,
      53,
      47,
      44,
      53,
      60,
      60,
      60,
      46,
      48,
      60,
      45,
      53,
      60,
      60,
      40,
      38,
      54,
      51,
      51,
      43,
      38,
      35,
      46,
      43,
      53,
      41,
      53,
      38,
      48,
      50,
      50,
      53,
      47,
      45,
      50,
      47,
      46,
      36,
      46,
      45,
      53,
      60,
      46,
      54,
      45,
      32,
      46,
      47,
      53,
      43,
      47,
      31,
      46,
      46,
      39,
      60,
      50,
      53,
      47,
      55,
      53,
      53,
      60,
      54,
      60,
      53,
      50,
      31,
      60,
      38,
      43,
      39,
      53,
      36,
      60,
      38,
      36,
      38
    ],